.tabfm_row_id,round_tier,position,height_inches,weight_lbs,bmi_proxy,weight_position_pct,height_position_pct,sophomore_feature_coverage,school_drafts_prior_5y,school_position_drafts_prior_5y,so_defensive_tot_pct,so_rushing_yds_pct,so_rush_yds_share_pct,so_defensive_solo_pct,so_receiving_yds_pct,so_rec_yds_share_pct,so_defensive_tfl_pct,so_defensive_pd_pct,so_defensive_sacks_pct,so_rush_share_pct,so_defensive_qb_hur_pct,so_receiving_td_pct,so_interceptions_int_pct,so_rushing_td_pct,so_passing_yds_pct,so_passing_td_pct,so_rec_td_share_pct,stars,recruit_rank,recruit_rating,recruit_rank_pct,recruit_rating_pct,years_since_recruit,blue_chip,power_conference,has_recruiting,has_sophomore_stats,has_junior_stats,junior_feature_coverage,transfer_or_school_mismatch
1,R6_7,ILB,73,232,30.605366860574218,0.7692307692307693,0.15384615384615385,0.9512195121951219,8,1,0,0.8,0.8,0.6,0,0,0,0,0,0.8,0,0,0,0.8,1,1,0,4,187,0.9264,0.9032258064516129,0.9032258064516129,4,1,1,1,1,0,0,0
2,R2_3,CB,74,182,23.364864864864863,0.37037037037037035,0.9259259259259259,0,9,2,,,,,,,,,,,,,,,,,,4,221,0.9164,0.9545454545454546,0.9545454545454546,0,1,,1,0,0,0,0
3,R2_3,RB,68,181,27.517949826989618,0.045454545454545456,0,0.8048780487804879,9,1,1,0,0,1,0,0,1,1,1,0,1,0,0,0,0,0,0,,,,,,,,1,0,1,0,0,0
4,R1,TE,77,250,29.64243548659133,0.8333333333333334,0.75,0,4,0,,,,,,,,,,,,,,,,,,3,1464,0.8278,0.625,0.625,0,0,,1,0,0,0,0
5,R2_3,CB,71,184,25.659988097599683,0.4074074074074074,0.3333333333333333,0,6,1,,,,,,,,,,,,,,,,,,4,94,0.9549,1,1,0,1,,1,0,0,0,0
6,R1,QB,75,220,27.49511111111111,0.7368421052631579,0.7368421052631579,0,17,1,,,,,,,,,,,,,,,,,,4,91,0.9561,1,1,0,1,,1,0,0,0,0
7,R1,IDL,76,289,35.17434210526316,0.6521739130434783,0.782608695652174,0,14,2,,,,,,,,,,,,,,,,,,4,155,0.9321,1,1,0,1,,1,0,0,0,0
8,R2_3,WR,76,225,27.38486842105263,1,0.9459459459459459,0.8292682926829268,0,0,0,0,0,0,0.3333333333333333,0.3333333333333333,0,0,0,0,0,1,0,0,0,0,1,,,,,,,,1,0,1,0,0,0
9,R4_5,ILB,73,240,31.66072433852505,0.9230769230769231,0.15384615384615385,0.9512195121951219,0,0,0,1,1,0,1,1,0,0,0,1,0,1,0,1,0.8,0.8,1,2,3789,0.7533,0.032258064516129004,0.06451612903225806,0,0,0,1,1,0,0,0
10,R2_3,CB,70,205,29.41122448979592,0.896551724137931,0.10344827586206896,0.8048780487804879,7,2,1,0.02631578947368421,0.02631578947368421,1,0,0,0.9473684210526315,0.9210526315789473,0.9736842105263158,0,0,0,0,0,0.02631578947368421,0,0,3,1392,0.8311,0.5853658536585367,0.5853658536585366,1,0,1,1,1,0,0,0
11,R2_3,CB,74,182,23.364864864864863,0.3793103448275862,0.896551724137931,0,17,3,,,,,,,,,,,,,,,,,,4,221,0.9164,0.9512195121951219,0.9512195121951219,1,1,,1,0,0,0,0
12,R2_3,RB,68,181,27.517949826989618,0.05,0.025,0.8048780487804879,17,2,0.7241379310344828,0.034482758620689655,0.034482758620689655,0,0.034482758620689655,0.034482758620689655,0,0,0,0,0,0,0,0,0,0,0,,,,,,,,1,0,1,0,0,0
13,R1,TE,77,250,29.64243548659133,0.8636363636363636,0.8636363636363636,0.8292682926829268,8,1,0,0,0,0,1,1,0,0,0,0,0,0.9090909090909091,0,0,0,0,0.9090909090909091,3,1464,0.8278,0.6153846153846154,0.6153846153846154,1,0,1,1,1,0,0,0
14,R2_3,CB,71,184,25.659988097599683,0.39655172413793105,0.3275862068965517,0.8048780487804879,11,3,0.9736842105263158,0.02631578947368421,0.02631578947368421,0.9736842105263158,0,0,1,1,0.9736842105263158,0,0,0,1,0,0.02631578947368421,0,0,4,94,0.9549,0.975609756097561,0.975609756097561,1,1,1,1,1,0,0,0
15,R1,QB,75,220,27.49511111111111,0.7575757575757576,0.696969696969697,0.926829268292683,24,1,0,0.7058823529411765,0.5882352941176471,0,0,0,0,0,0,0.5294117647058824,0,0,0,0,0.7647058823529411,0.8823529411764706,0,4,91,0.9561,1,1,1,1,1,1,1,0,0,0
16,R1,IDL,76,289,35.17434210526316,0.5897435897435898,0.717948717948718,0.8048780487804879,24,3,0.9583333333333334,0,0,0.9583333333333334,0,0,1,0,0.9583333333333334,0,0.875,0,0,0,0,0,0,4,155,0.9321,1,1,1,1,1,1,1,0,0,0
17,R2_3,WR,76,225,27.38486842105263,0.9649122807017544,0.9122807017543859,0.8292682926829268,0,0,0,0,0,0,0.9714285714285714,0.9714285714285714,0,0,0,0,0,0.9714285714285714,0,0,0,0,0.9705882352941176,,,,,,,,1,0,1,0,0,0
18,R4_5,SAF,74,198,25.41891891891892,0.42105263157894735,0.8421052631578947,0.8048780487804879,11,2,0.9,0,0,1,0,0,0.9,1,0,0,0,0,1,0,0,0,0,3,804,0.8539,0.8421052631578947,0.8421052631578947,0,0,1,1,1,0,0,0
19,R1,ILB,76,250,30.42763157894737,0.9655172413793104,0.9482758620689655,0.8048780487804879,17,2,0.9210526315789473,0,0,0.868421052631579,0,0,1,0.9736842105263158,1,0,0.9473684210526315,0,0,0,0,0,0,4,37,0.9821,0.9772727272727273,0.9772727272727273,0,1,1,1,1,0,0,0
20,R2_3,ILB,75,250,31.244444444444444,0.9655172413793104,0.8448275862068966,0.8048780487804879,0,0,1,0,0,1,0,0,0.9736842105263158,1,0.9210526315789473,0,0.868421052631579,0,1,0,0,0,0,,,,,,,,1,0,1,0,0,0
21,R2_3,CB,70,205,29.41122448979592,0.9217391304347826,0.13043478260869565,0.8048780487804879,7,2,0.9130434782608695,0.028985507246376812,0.028985507246376812,0.8840579710144928,0.014492753623188406,0.014492753623188406,0,0,0,0,0,0,0.8840579710144928,0,0,0,0,3,1392,0.8311,0.5797101449275363,0.5652173913043478,2,0,1,1,1,0,0,0
22,R2_3,CB,74,182,23.364864864864863,0.43478260869565216,0.8782608695652174,0,24,4,,,,,,,,,,,,,,,,,,4,221,0.9164,0.9420289855072463,0.9420289855072463,2,1,,1,0,0,0,0
23,R1,TE,77,250,29.64243548659133,0.8518518518518519,0.7407407407407407,0.8536585365853658,11,1,0.5789473684210527,0.9473684210526315,0.9473684210526315,0.7894736842105263,1,1,0,0,0,0.9473684210526315,0,1,0,1,0,0,1,3,1464,0.8278,0.56,0.56,2,0,1,1,1,0,0,0
24,R2_3,CB,71,184,25.659988097599683,0.4608695652173913,0.28695652173913044,0.8048780487804879,16,3,0.9855072463768116,0.028985507246376812,0.028985507246376812,0.9855072463768116,0.014492753623188406,0.014492753623188406,0.9855072463768116,1,0,0,0,0,1,0,0,0,0,4,94,0.9549,0.9710144927536232,0.9710144927536232,2,1,1,1,1,0,0,0
25,R1,QB,75,220,27.49511111111111,0.7741935483870968,0.6129032258064516,0.926829268292683,31,1,0.918918918918919,0.7837837837837838,0.7567567567567568,0.9459459459459459,0.02702702702702703,0.02702702702702703,0,0,0,0.918918918918919,0,0,0,0.9459459459459459,1,1,0,4,91,0.9561,0.9574468085106383,0.9574468085106383,2,1,1,1,1,0,0,0
26,R1,IDL,76,289,35.17434210526316,0.5384615384615384,0.7051282051282052,0.8048780487804879,36,5,1,0,0,1,0,0,1,0.8888888888888888,1,0,1,0,0,0,0,0,0,4,155,0.9321,0.9622641509433962,0.9622641509433962,2,1,1,1,1,0,0,0
27,R2_3,WR,76,225,27.38486842105263,0.9784172661870504,0.9496402877697842,0.8292682926829268,0,0,0,0.028169014084507043,0.028169014084507043,0,0.9577464788732394,0.9436619718309859,0,0,0,0,0,0.9577464788732394,0,0,0,0,0.9577464788732394,,,,,,,,1,0,1,0,0,0
28,R2_3,WR,69,176,25.98781768536022,0.2302158273381295,0.09352517985611511,0.8536585365853658,15,2,0,0.9577464788732394,0.9436619718309859,0,0.971830985915493,0.971830985915493,0,0,0,0.9295774647887324,0,0.9577464788732394,0,0.9577464788732394,0,0,0.971830985915493,4,313,0.895,0.8795180722891567,0.8795180722891566,1,1,1,1,1,0,0,0
29,R4_5,SAF,74,198,25.41891891891892,0.5714285714285714,0.9142857142857143,0.8048780487804879,12,3,1,0,0,1,0,0,0.9615384615384616,0.9615384615384616,0,0,0,0,1,0,0,0,0,3,804,0.8539,0.7777777777777778,0.7777777777777778,1,0,1,1,1,0,0,0
30,R4_5,RB,69,198,29.236294896030245,0.37037037037037035,0.14814814814814814,0.8536585365853658,7,0,0,1,1,0,0.8913043478260869,0.9565217391304348,0,0,0,0.9782608695652174,0,0,0,0.9347826086956522,0,0,0,4,99,0.9537,0.98,0.98,1,1,1,1,1,0,0,0
31,R1,ILB,76,250,30.42763157894737,0.963963963963964,0.954954954954955,0.8048780487804879,24,2,0.671875,0,0,0.640625,0,0,0.78125,0,0.875,0,0.875,0,0,0,0,0,0,4,37,0.9821,0.9710144927536232,0.9710144927536232,1,1,1,1,1,0,0,0
32,R4_5,IDL,75,305,38.11822222222222,0.782051282051282,0.5,0.8048780487804879,19,2,0.8666666666666667,0,0,0.9333333333333333,0,0,0.9111111111111111,0,0.7555555555555555,0,0.9555555555555556,0,0,0,0,0,0,4,39,0.9817,1,1,1,1,1,1,1,0,0,0
33,R1,ILB,75,240,29.994666666666667,0.8558558558558559,0.8018018018018018,0.7804878048780488,4,1,0.796875,0,0,0.765625,0,0,0.78125,0,0,0,0,0,0,0,0,0,,,,,,,,,0,0,1,0,0,0
34,R1,ILB,75,245,30.619555555555557,0.9099099099099099,0.8018018018018018,0.8048780487804879,15,0,1,0,0,1,0,0,0.984375,0,0.96875,0,1,0,0,0,0,0,0,5,5,0.9982,1,1,0,1,1,1,1,0,0,0
35,R2_3,ILB,75,250,31.244444444444444,0.963963963963964,0.8018018018018018,0.8048780487804879,1,0,0.375,0,0,0,0,0,0,0,0,0,0,0,0,0,0,0,0,,,,,,,,0,0,1,0,0,0
36,R2_3,CB,73,192,25.328579470820042,0.6869565217391305,0.6695652173913044,0.8048780487804879,24,4,0.855072463768116,0.028985507246376812,0.028985507246376812,0.8985507246376812,0.014492753623188406,0.014492753623188406,0,0.8115942028985508,0,0,0,0,0,0,0,0,0,4,42,0.9784,1,1,0,1,1,1,1,0,0,1
37,R4_5,RB,71,195,27.194009125173576,0.30864197530864196,0.4444444444444444,0.8536585365853658,6,0,0.8913043478260869,0.717391304347826,0.6086956521739131,0.9130434782608695,0.8695652173913043,0.8478260869565217,0,0,0,0.32608695652173914,0,0,0,0.6956521739130435,0,0,0,3,1614,0.828,0.54,0.62,0,0,0,1,1,0,0,0
38,R2_3,WR,69,180,26.578449905482042,0.26618705035971224,0.09352517985611511,0.9512195121951219,4,1,0,1,0.9859154929577465,0,1,0.9859154929577465,0,0,0,0.9859154929577465,0,1,0,0.9859154929577465,0,0,1,4,229,0.9123,0.9518072289156626,0.9518072289156626,0,1,1,1,1,0,0,0
39,R6_7,RB,70,205,29.41122448979592,0.48148148148148145,0.2962962962962963,0.8292682926829268,1,0,0,0.30434782608695654,0.32608695652173914,0,0.021739130434782608,0.021739130434782608,0,0,0,0.2608695652173913,0,0,0,0,0,0,0,3,2113,0.8064,0.4,0.38,0,0,0,1,1,0,0,0
40,R2_3,ILB,75,240,29.994666666666667,0.8558558558558559,0.8018018018018018,0.8048780487804879,17,3,0.609375,0,0,0.640625,0,0,0.78125,0,0,0,0,0,0,0,0,0,0,4,144,0.9391,0.927536231884058,0.9420289855072463,0,1,1,1,1,0,0,0
41,R2_3,CB,70,205,29.41122448979592,0.8980582524271845,0.12682926829268293,0.8048780487804879,8,2,1,0.01098901098901099,0.01098901098901099,1,0,0,0.967032967032967,0.6153846153846154,1,0,0,0,1,0,0,0,0,3,1392,0.8311,0.5546875,0.484375,3,0,1,1,1,0,0,0
42,R6_7,SAF,71,202,28.170204324538783,0.7777777777777778,0.2222222222222222,0.8048780487804879,0,0,0.34375,0,0,0.09375,0,0,0,0,0,0,0,0,0,0,0,0,0,,,,,,,,0,0,1,0,0,0
43,R2_3,WR,69,176,25.98781768536022,0.18861209964412812,0.05693950177935943,0.8536585365853658,21,2,0,0.9702970297029703,0.9504950495049505,0,0.9900990099009901,1,0,0,0,0.9504950495049505,0,1,0,0,0,0,0.9696969696969697,4,313,0.895,0.8865248226950355,0.8865248226950354,2,1,1,1,1,0,0,0
44,R4_5,RB,69,198,29.236294896030245,0.3873239436619718,0.14788732394366197,0.8536585365853658,11,1,0,0.8987341772151899,0.9367088607594937,0,0.9367088607594937,0.9367088607594937,0,0,0,0.9113924050632911,0,0.8607594936708861,0,0.9367088607594937,0,0,0.92,4,99,0.9537,0.975609756097561,0.975609756097561,2,1,1,1,1,0,0,0
45,R1,ILB,76,250,30.42763157894737,0.9359605911330049,0.9310344827586207,0.8048780487804879,27,3,0.9888888888888889,0,0,0.9888888888888889,0,0,0.9888888888888889,0.9555555555555556,0.9888888888888889,0,1,0,0,0,0,0,0,4,37,0.9821,0.981651376146789,0.981651376146789,2,1,1,1,1,0,0,0
46,R4_5,IDL,75,305,38.11822222222222,0.8409090909090909,0.4090909090909091,0.8048780487804879,23,2,0.9714285714285714,0,0,1,0,0,0.9428571428571428,0.9142857142857143,0.9857142857142858,0,0.8571428571428571,0,0,0,0,0,0,4,39,0.9817,0.9797979797979798,0.9797979797979798,2,1,1,1,1,0,0,0
47,R2_3,ILB,73,230,30.34152749108651,0.6748768472906403,0.3645320197044335,0.8048780487804879,27,1,0.9111111111111111,0,0,0.8888888888888888,0,0,0.9111111111111111,0.9,0.9,0,0.8555555555555555,0,0,0,0,0,0,3,529,0.8763,0.8073394495412844,0.8165137614678899,1,0,1,1,1,0,0,1
48,R2_3,ILB,75,238,29.744711111111112,0.8177339901477833,0.7733990147783252,0.8048780487804879,27,1,0.9666666666666667,0,0,0.9555555555555556,0,0,0.9444444444444444,0.9777777777777777,0.9333333333333333,0,0.9888888888888889,0,0.9777777777777777,0,0,0,0,4,220,0.9167,0.8899082568807339,0.8899082568807339,1,1,1,1,1,0,0,1
49,R2_3,CB,72,195,26.44386574074074,0.7135922330097088,0.4975609756097561,0.8048780487804879,24,5,0.8681318681318682,0.01098901098901099,0.01098901098901099,0.9010989010989011,0,0,0.7802197802197802,0.8571428571428571,0,0,0,0,0,0,0,0,0,4,187,0.9256,0.9296875,0.9296875,1,1,1,1,1,0,0,0
50,R1,ILB,75,245,30.619555555555557,0.896551724137931,0.7733990147783252,0.8048780487804879,21,0,1,0,0,1,0,0,1,0.9888888888888889,0.9555555555555556,0,0.9777777777777777,0,0,0,0,0,0,5,5,0.9982,1,1,1,1,1,1,1,0,0,0
51,R2_3,IDL,77,265,31.42098161578681,0.3465909090909091,0.8579545454545454,0.8048780487804879,7,0,1,0,0,0.9857142857142858,0,0,1,0.9142857142857143,1,0,0.9285714285714286,0,0,0,0,0,0,3,1827,0.8194,0.33333333333333337,0.3333333333333333,1,0,0,1,1,0,0,0
52,R6_7,ILB,72,244,33.088734567901234,0.8817733990147784,0.16748768472906403,0.8048780487804879,0,0,0.022222222222222223,0,0,0,0,0,0,0,0,0,0,0,0,0,0,0,0,,,,,,,,1,0,1,0,0,0
53,R4_5,WR,75,220,27.49511111111111,0.9572953736654805,0.7935943060498221,0.8292682926829268,7,3,0,0.0297029702970297,0.0297029702970297,0,0.9405940594059405,0.8811881188118812,0,0,0,0,0,0.9306930693069307,0,0,0,0,0.9191919191919192,4,304,0.8992,0.8936170212765957,0.900709219858156,1,1,1,1,1,0,0,0
54,R2_3,CB,73,192,25.328579470820042,0.6650485436893204,0.6878048780487804,0,8,1,,,,,,,,,,,,,,,,,,4,42,0.9784,0.9765625,0.984375,1,1,,1,0,0,0,1
55,R2_3,QB,73,205,27.043535372490147,0.45263157894736844,0.16842105263157894,0.926829268292683,0,0,0,0.9666666666666667,0.8666666666666667,0,0.06666666666666667,0.06666666666666667,0,0,0,0.8666666666666667,0,0,0,0.8333333333333334,0.8666666666666667,0.8333333333333334,0,4,63,0.969,1,1,1,1,1,1,1,0,0,0
56,R4_5,WR,71,184,25.659988097599683,0.33451957295373663,0.23487544483985764,0.8536585365853658,22,3,0.8217821782178217,0.8613861386138614,0.8415841584158416,0.7524752475247525,0.9504950495049505,0.9504950495049505,0.9603960396039604,0,0,0.7821782178217822,0,0.9405940594059405,0,0,0,0,0.9393939393939394,4,288,0.9023,0.9078014184397163,0.9078014184397163,1,1,1,1,1,0,0,0
57,R2_3,TE,76,242,29.45394736842105,0.6532258064516129,0.4596774193548387,0.8292682926829268,22,2,0,0,0,0,0.9642857142857143,0.8571428571428571,0,0,0,0,0,0.75,0,0,0,0,0.7777777777777778,,,,,,,,1,0,1,0,0,0
58,R4_5,RB,71,195,27.194009125173576,0.323943661971831,0.4859154929577465,0.8536585365853658,8,2,0.6962025316455697,0.9873417721518988,0.9873417721518988,0.7341772151898734,1,1,0,0,0,0.9873417721518988,0,1,0,1,0,0,0.9733333333333334,3,1614,0.828,0.5609756097560976,0.524390243902439,1,0,0,1,1,0,0,0
59,R2_3,IDL,77,310,36.75662000337325,0.8693181818181818,0.8579545454545454,0.8048780487804879,46,7,0.9142857142857143,0,0,0.9285714285714286,0,0,0.9857142857142858,0.9857142857142858,0.9142857142857143,0,0.9857142857142858,0,0,0,0,0,0,4,176,0.9298,0.9393939393939394,0.9393939393939394,1,1,1,1,1,0,0,0
60,R2_3,WR,69,180,26.578449905482042,0.22419928825622776,0.05693950177935943,0.8536585365853658,4,1,0.6732673267326733,0.8514851485148515,0.8316831683168316,0.7524752475247525,0.8910891089108911,0.7920792079207921,0,0,0,0.900990099009901,0,0.8415841584158416,0,0,0,0,0.8282828282828283,4,229,0.9123,0.9290780141843972,0.9290780141843972,1,1,1,1,1,0,0,0
61,R4_5,RB,71,220,30.68042055147788,0.7816901408450704,0.4859154929577465,0.8536585365853658,4,1,1,0.6708860759493671,0.5443037974683544,1,0.8860759493670886,0.7848101265822784,1,1,1,0.46835443037974683,0,0.8607594936708861,0,0,0,0,0.8933333333333333,2,3659,0.7397,0.08536585365853655,0.012195121951219513,1,0,0,1,1,0,0,0
62,R6_7,RB,70,205,29.41122448979592,0.5140845070422535,0.30985915492957744,0.8536585365853658,1,0,0,0.8607594936708861,0.7721518987341772,0,0.8227848101265823,0.810126582278481,0,0,0,0.7848101265822784,0,0,0,0.7848101265822784,0,0,0,3,2113,0.8064,0.4024390243902439,0.35365853658536583,1,0,0,1,1,0,0,0
63,R2_3,ILB,75,240,29.994666666666667,0.8275862068965517,0.7733990147783252,0.8048780487804879,24,4,0.9333333333333333,0,0,0.9333333333333333,0,0,0.9333333333333333,0,0.9666666666666667,0,0,0,0,0,0,0,0,4,144,0.9391,0.9357798165137614,0.9357798165137615,1,1,1,1,1,0,0,0
64,R6_7,WR,72,185,25.087770061728396,0.3416370106761566,0.3594306049822064,0.8536585365853658,14,3,0.6732673267326733,0.9504950495049505,0.9405940594059405,0.7524752475247525,0.7623762376237624,0.6633663366336634,0,0,0,0.9306930693069307,0,0,0,0,0,0,0,3,750,0.8635,0.7163120567375887,0.7092198581560284,1,0,1,1,1,0,0,0
65,R1,EDGE,77,250,29.64243548659133,0.5370370370370371,0.9074074074074074,0.8048780487804879,13,2,0.9615384615384616,0,0,0.9615384615384616,0,0,0.9615384615384616,1,1,0,0.9615384615384616,0,0,0,0,0,0,5,2,0.9987,1,1,0,1,1,1,1,0,0,0
66,R2_3,IDL,76,290,35.296052631578945,0.6590909090909091,0.6477272727272727,0.8048780487804879,20,2,0.9571428571428572,0,0,0.9428571428571428,0,0,0.9428571428571428,0,0.9142857142857143,0,0.9857142857142858,0,0,0,0,0,0,5,16,0.9919,1,1,0,1,1,1,1,0,0,0
67,R1,WR,74,188,24.135135135135137,0.45907473309608543,0.6476868327402135,0.8292682926829268,40,8,0.8217821782178217,0.0297029702970297,0.0297029702970297,0.9306930693069307,0.7821782178217822,0.6534653465346535,0,0,0,0,0,0.7326732673267327,0,0,0,0,0.7272727272727273,4,82,0.9621,0.9645390070921985,0.9645390070921985,0,1,1,1,1,0,0,0
68,R2_3,CB,73,210,27.70313379620942,0.9563106796116505,0.6878048780487804,0.8048780487804879,11,1,0.945054945054945,0.01098901098901099,0.01098901098901099,0.9230769230769231,0,0,0.7802197802197802,0.9340659340659341,0,0,0,0,0.945054945054945,0,0,0,0,4,55,0.9727,0.9453125,0.9453125,0,1,1,1,1,0,0,1
69,R1,CB,71,195,27.194009125173576,0.7135922330097088,0.28292682926829266,0.8048780487804879,24,5,0.945054945054945,0.01098901098901099,0.01098901098901099,0.978021978021978,0,0,0,0.7692307692307693,0,0,0,0,0.8131868131868132,0,0,0,0,4,126,0.9441,0.9375,0.9375,0,1,1,1,1,0,0,0
70,R1,CB,72,192,26.037037037037038,0.6650485436893204,0.4975609756097561,0.8292682926829268,24,3,0.8901098901098901,0.01098901098901099,0.01098901098901099,0.8681318681318682,0.989010989010989,0.989010989010989,0.978021978021978,0.8241758241758241,0,0,0,0,0.8131868131868132,0,0,0,0,5,14,0.9926,1,1,0,1,1,1,1,0,0,1
71,R1,WR,77,210,24.899645808736718,0.8932384341637011,0.9679715302491103,0.8292682926829268,23,2,0,0.0297029702970297,0.0297029702970297,0,0.9306930693069307,0.8514851485148515,0,0,0,0,0,0.9405940594059405,0,0,0,0,0.8787878787878788,4,258,0.9087,0.9148936170212766,0.9148936170212766,0,1,1,1,1,0,0,0
72,R2_3,ILB,77,250,29.64243548659133,0.9359605911330049,0.9852216748768473,0,24,3,,,,,,,,,,,,,,,,,,4,331,0.8986,0.8715596330275229,0.8715596330275229,0,1,,1,0,0,0,0
73,R1,EDGE,76,270,32.86184210526316,0.8518518518518519,0.6481481481481481,0.8048780487804879,4,1,1,0,0,1,0,0,1,0.9615384615384616,0.9615384615384616,0,0.9615384615384616,0,1,0,0,0,0,4,59,0.9705,0.9722222222222222,0.9722222222222222,0,1,1,1,1,0,0,0
74,R4_5,RB,73,225,29.681929067367236,0.8380281690140845,0.8802816901408451,0.8536585365853658,20,2,0.6962025316455697,0.9620253164556962,0.9620253164556962,0,0.9873417721518988,0.9493670886075949,0,0,0,0.9746835443037974,0,0,0,0.9746835443037974,0,0,0,4,152,0.9351,0.9512195121951219,0.9634146341463414,0,1,1,1,1,0,0,0
75,R2_3,WR,69,195,28.793320730938877,0.608540925266904,0.05693950177935943,0.8536585365853658,7,2,0.6732673267326733,0.8217821782178217,0.8217821782178217,0.7524752475247525,0.9801980198019802,0.9603960396039604,0,0.9801980198019802,0,0.7722772277227723,0,0.9207920792079208,0,0.9801980198019802,0,0,0.8787878787878788,3,2351,0.8094,0.22695035460992907,0.2695035460992908,0,0,0,1,1,0,0,1
76,R4_5,RB,70,215,30.84591836734694,0.6901408450704225,0.30985915492957744,0.8536585365853658,0,0,0.6962025316455697,0.8860759493670886,0.810126582278481,0.7341772151898734,0.8607594936708861,0.8354430379746836,0,0,0,0.8354430379746836,0,0,0,0.8860759493670886,0,0,0,3,980,0.8585,0.7439024390243902,0.7682926829268293,0,0,1,1,1,0,0,0
77,R1,CB,74,193,24.777027027027028,0.6893203883495146,0.8780487804878049,0.8048780487804879,33,4,0.6593406593406593,0.01098901098901099,0.01098901098901099,0.7252747252747253,0,0,0,0.8571428571428571,0,0,0,0,0.967032967032967,0,0,0,0,4,48,0.9755,0.9609375,0.953125,0,1,1,1,1,0,0,0
78,R2_3,ILB,76,255,31.036184210526315,0.9704433497536946,0.9310344827586207,0.8048780487804879,23,2,0.9777777777777777,0,0,0.9666666666666667,0,0,0.9777777777777777,0.9666666666666667,0.9666666666666667,0,0,0,0,0,0,0,0,4,56,0.9725,0.963302752293578,0.963302752293578,0,1,1,1,1,0,0,0
79,R1,WR,72,193,26.172646604938272,0.5800711743772242,0.3594306049822064,0.8292682926829268,40,8,0,0.0297029702970297,0.0297029702970297,0,0.900990099009901,0.8316831683168316,0,0,0,0,0,0.9405940594059405,0,0,0,0,0.8585858585858586,5,20,0.9903,1,1,0,1,1,1,1,0,0,0
80,R2_3,ILB,79,260,29.286973241467713,0.9802955665024631,1,0.8048780487804879,0,0,0.9222222222222223,0,0,0.9444444444444444,0,0,0.9666666666666667,0,0.9444444444444444,0,0.9666666666666667,0,0,0,0,0,0,3,1968,0.8206,0.3486238532110092,0.3669724770642202,0,0,0,1,1,0,0,0
81,R2_3,WR,74,205,26.31756756756757,0.8078291814946619,0.6476868327402135,0.8536585365853658,4,1,0.8217821782178217,0.8910891089108911,0.9108910891089109,0.9306930693069307,1,0.9801980198019802,0,0,0,0.900990099009901,0,0.9801980198019802,0,0.9801980198019802,0,0,0.9595959595959596,4,113,0.9495,0.9574468085106383,0.9574468085106383,0,1,1,1,1,0,0,0
82,R1,WR,73,185,24.40514167761306,0.3416370106761566,0.49466192170818507,0.8292682926829268,7,1,0,0.0297029702970297,0.0297029702970297,0,0.32673267326732675,0.297029702970297,0,0,0,0,0,0,0,0,0,0,0,,,,,,,,0,0,1,0,0,0
83,R6_7,RB,70,225,32.28061224489796,0.8380281690140845,0.30985915492957744,0.8536585365853658,11,1,0,0.7468354430379747,0.7215189873417721,0,0.759493670886076,0.7215189873417721,0,0,0,0.5316455696202531,0,0,0,0.8481012658227848,0,0,0,,,,,,,,1,0,1,0,0,0
84,R4_5,ILB,75,244,30.494577777777778,0.8817733990147784,0.7733990147783252,0.8048780487804879,21,0,0.8222222222222222,0,0,0.8111111111111111,0,0,0.8444444444444444,0,0,0,0.8555555555555555,0,0,0,0,0,0,5,18,0.9911,0.9908256880733946,0.9908256880733946,0,1,1,1,1,0,0,0
85,R4_5,ILB,70,200,28.693877551020407,0.034482758620689655,0.019704433497536946,0.8048780487804879,6,2,0.9555555555555556,0,0,0.9777777777777777,0,0,0.7333333333333333,1,0,0,0,0,0.9777777777777777,0,0,0,0,,,,,,,,1,0,1,0,0,0
86,R4_5,IDL,75,305,38.11822222222222,0.8505154639175257,0.3711340206185567,0,19,2,,,,,,,,,,,,,,,,,,4,39,0.9817,0.9636363636363636,0.9636363636363636,3,1,,1,0,0,0,0
87,R2_3,ILB,73,230,30.34152749108651,0.6666666666666666,0.3380281690140845,0.8048780487804879,24,2,1,0.014705882352941176,0.014705882352941176,1,0,0,0.9264705882352942,0.9852941176470589,0.9117647058823529,0,0.9852941176470589,0,0.9264705882352942,0,0,0,0,3,529,0.8763,0.8083333333333333,0.8083333333333333,2,0,1,1,1,0,0,1
88,R2_3,ILB,75,238,29.744711111111112,0.8309859154929577,0.784037558685446,0.8048780487804879,24,2,0.9117647058823529,0.014705882352941176,0.014705882352941176,0.9264705882352942,0,0,0.9852941176470589,0.8970588235294118,0.9852941176470589,0,1,0,0,0,0,0,0,4,220,0.9167,0.9083333333333333,0.9,2,1,1,1,1,0,0,1
89,R2_3,CB,72,195,26.44386574074074,0.7290076335877863,0.4367816091954023,0.8048780487804879,22,4,0.8395061728395061,0,0,0.8271604938271605,0,0,0.8518518518518519,0.654320987654321,0,0,0,0,0,0,0,0,0,4,187,0.9256,0.9177215189873418,0.9177215189873418,2,1,1,1,1,0,0,0
90,R2_3,IDL,77,265,31.42098161578681,0.3556701030927835,0.845360824742268,0.8048780487804879,7,0,0.9361702127659575,0,0,0.9787234042553191,0,0,1,0.8085106382978723,0.9361702127659575,0,0.9574468085106383,0,0,0,0,0,0,3,1827,0.8194,0.34545454545454546,0.3181818181818182,2,0,0,1,1,0,0,0
91,R6_7,ILB,72,244,33.088734567901234,0.892018779342723,0.13145539906103287,0.8048780487804879,0,0,0.5588235294117647,0.014705882352941176,0.014705882352941176,0.5294117647058824,0,0,0,0,0,0,0,0,0,0,0,0,0,,,,,,,,1,0,1,0,0,0
92,R4_5,WR,75,220,27.49511111111111,0.9652996845425867,0.804416403785489,0.8292682926829268,9,3,0.5102040816326531,0.030612244897959183,0.030612244897959183,0.6122448979591837,1,0.9591836734693877,0,0,0,0,0,0.9693877551020408,0,0,0,0,0.9473684210526315,4,304,0.8992,0.9025974025974026,0.9025974025974026,2,1,1,1,1,0,0,0
93,R2_3,CB,73,192,25.328579470820042,0.6755725190839694,0.6551724137931034,0.8048780487804879,8,1,0.8888888888888888,0,0,0.8641975308641975,0,0,0.8024691358024691,0.654320987654321,0,0,0,0,0.9876543209876543,0,0,0,0,4,42,0.9784,0.9683544303797469,0.9746835443037974,2,1,1,1,1,0,0,1
94,R2_3,QB,73,205,27.043535372490147,0.42735042735042733,0.15384615384615385,0.926829268292683,0,0,0,1,1,0,0.029411764705882353,0.029411764705882353,0,0,0,0.9705882352941176,0,0,0,0.9411764705882353,1,1,0,4,63,0.969,1,1,2,1,1,1,1,0,0,0
95,R6_7,CB,74,196,25.16216216216216,0.7900763358778626,0.842911877394636,0,15,2,,,,,,,,,,,,,,,,,,4,231,0.912,0.8987341772151899,0.8987341772151899,2,1,,1,0,0,0,0
96,R4_5,WR,71,184,25.659988097599683,0.3312302839116719,0.23974763406940064,0.8536585365853658,22,3,0.5102040816326531,0.9591836734693877,0.9285714285714286,0.6122448979591837,0.9081632653061225,0.8877551020408163,0,0,0,0.9387755102040817,0,0.8061224489795918,0,0,0,0,0.7894736842105263,4,288,0.9023,0.9090909090909091,0.9090909090909091,2,1,1,1,1,0,0,0
97,R2_3,TE,76,242,29.45394736842105,0.5928571428571429,0.4357142857142857,0.8292682926829268,22,3,0.5862068965517241,0,0,0.6206896551724138,1,1,0,0,0,0,0,0.9655172413793104,0,0,0,0,0.9310344827586207,,,,,,,,1,0,1,0,0,0
98,R4_5,RB,71,195,27.194009125173576,0.29651162790697677,0.5348837209302325,0,9,3,,,,,,,,,,,,,,,,,,3,1614,0.828,0.48913043478260865,0.43478260869565216,2,0,,1,0,0,0,0
99,R2_3,IDL,77,310,36.75662000337325,0.8917525773195877,0.845360824742268,0.8048780487804879,48,8,0.9361702127659575,0,0,0.9361702127659575,0,0,0.9574468085106383,0.9787234042553191,1,0,0.9574468085106383,0,0,0,0,0,0,4,176,0.9298,0.9272727272727272,0.9272727272727272,2,1,1,1,1,0,0,0
100,R2_3,WR,69,180,26.578449905482042,0.22712933753943218,0.06309148264984227,0.8536585365853658,5,1,0,0.9489795918367347,0.9795918367346939,0,0.8367346938775511,0.8061224489795918,0,0,0,0.9897959183673469,0,0,0,0.9795918367346939,0,0,0,4,229,0.9123,0.935064935064935,0.935064935064935,2,1,1,1,1,0,0,0
101,R4_5,RB,71,220,30.68042055147788,0.7848837209302325,0.5348837209302325,0.8536585365853658,4,1,0,0.9875,0.9,0,0.975,0.85,0,0,0,0.925,0,0,0,0.9875,0.0125,0,0,2,3659,0.7397,0.09782608695652173,0.010869565217391304,2,0,0,1,1,0,0,0
102,R2_3,ILB,75,240,29.994666666666667,0.8450704225352113,0.784037558685446,0.8048780487804879,26,3,0.8823529411764706,0.014705882352941176,0.014705882352941176,0.9411764705882353,0,0,1,0.8970588235294118,1,0,0.9705882352941176,0,0,0,0,0,0,4,144,0.9391,0.9416666666666667,0.9416666666666667,2,1,1,1,1,0,0,0
103,R6_7,WR,72,185,25.087770061728396,0.34069400630914826,0.3659305993690852,0.8536585365853658,12,1,0.5102040816326531,0.9081632653061225,0.9183673469387755,0.6122448979591837,0.9489795918367347,0.9693877551020408,0,0,0,0.9183673469387755,0,0.9387755102040817,0,0,0,0,0.9789473684210527,3,750,0.8635,0.7597402597402597,0.7402597402597403,2,0,1,1,1,0,0,0
104,R1,EDGE,77,250,29.64243548659133,0.5517241379310345,0.9137931034482759,0.8048780487804879,12,2,0.9285714285714286,0,0,1,0,0,1,1,1,0,0.9285714285714286,0,0,0,0,0,0,5,2,0.9987,1,1,1,1,1,1,1,0,0,0
105,R2_3,IDL,76,290,35.296052631578945,0.6907216494845361,0.6185567010309279,0.8048780487804879,20,3,0.9787234042553191,0,0,0.9148936170212766,0,0,0.9361702127659575,0.9787234042553191,0.8936170212765957,0,1,0,0.9574468085106383,0,0,0,0,5,16,0.9919,0.9818181818181818,0.9818181818181818,1,1,1,1,1,0,0,0
106,R1,WR,74,188,24.135135135135137,0.48264984227129337,0.6340694006309149,0.8292682926829268,45,7,0.5102040816326531,0.030612244897959183,0.030612244897959183,0.6122448979591837,0.7755102040816326,0.7142857142857143,0,0,0,0,0,0.8061224489795918,0,0,0,0,0.7578947368421053,4,82,0.9621,0.9805194805194806,0.9805194805194806,1,1,1,1,1,0,0,0
107,R2_3,CB,73,210,27.70313379620942,0.9465648854961832,0.6551724137931034,0.8048780487804879,11,1,0.8765432098765432,0,0,0.8641975308641975,0,0,0.8518518518518519,0.8641975308641975,0.9629629629629629,0,0.9753086419753086,0,0,0,0,0,0,4,55,0.9727,0.9430379746835443,0.9430379746835443,1,1,1,1,1,0,0,1
108,R1,CB,71,195,27.194009125173576,0.7290076335877863,0.2720306513409962,0.8048780487804879,22,4,0.7777777777777778,0,0,0.7901234567901234,0,0,0.9876543209876543,0,0,0,0,0,0.9012345679012346,0,0,0,0,4,126,0.9441,0.9367088607594937,0.9367088607594937,1,1,1,1,1,0,0,0
109,R1,CB,72,192,26.037037037037038,0.6755725190839694,0.4367816091954023,0.8048780487804879,31,3,0.9753086419753086,0,0,0.9629629629629629,0,0,0,0.9259259259259259,0,0,0,0,0,0,0,0,0,5,14,0.9926,0.9936708860759493,0.9936708860759493,1,1,1,1,1,0,0,1
110,R1,WR,77,210,24.899645808736718,0.9211356466876972,0.9621451104100947,0.8292682926829268,19,2,0.5102040816326531,0.030612244897959183,0.030612244897959183,0,0.9387755102040817,0.9285714285714286,0,0,0,0,0,0.8877551020408163,0,0,0,0,0.8736842105263158,4,258,0.9087,0.9285714285714286,0.9285714285714286,1,1,1,1,1,0,0,0
111,R2_3,ILB,77,250,29.64243548659133,0.9389671361502347,0.9859154929577465,0.8048780487804879,31,6,0.04411764705882353,0.014705882352941176,0.014705882352941176,0.19117647058823528,0,0,0,0,0,0,0,0,0,0,0,0,0,4,331,0.8986,0.875,0.875,1,1,1,1,1,0,0,0
112,R6_7,CB,73,191,25.196659786076186,0.6641221374045801,0.6551724137931034,0.8048780487804879,6,0,0.9382716049382716,0,0,0.9259259259259259,0,0,0.8024691358024691,0.8395061728395061,0,0,0,0,0,0,0,0,0,3,1716,0.8311,0.49367088607594933,0.4936708860759494,1,0,1,1,1,0,0,0
113,R1,EDGE,76,270,32.86184210526316,0.8793103448275862,0.7068965517241379,0.8048780487804879,5,0,0.7142857142857143,0,0,0.7142857142857143,0,0,0.7857142857142857,0,0.9285714285714286,0,0.7142857142857143,0,0,0,0,0,0,4,59,0.9705,0.9714285714285714,0.9714285714285714,1,1,1,1,1,0,0,0
114,R4_5,RB,73,225,29.681929067367236,0.8604651162790697,0.9011627906976745,0.8536585365853658,20,2,0,0.9625,0.925,0,0.9875,0.95,0,0,0,0.9875,0,0,0,0.9375,0.0125,0,0,4,152,0.9351,0.967391304347826,0.9782608695652174,1,1,1,1,1,0,0,0
115,R6_7,WR,68,170,25.845588235294116,0.08832807570977919,0.01892744479495268,0.8536585365853658,1,1,0,0.8775510204081632,0.8571428571428571,0,0.8979591836734694,0.7959183673469388,0,0,0,0.8367346938775511,0,0.8877551020408163,0,0,0,0,0.8105263157894737,,,,,,,,0,0,1,0,0,0
116,R6_7,RB,71,222,30.959333465582226,0.8430232558139535,0.5348837209302325,0.8536585365853658,4,0,0,0.8625,0.875,0,0.875,0.975,0,0,0,0.875,0,0.8875,0,0.825,0.0125,0,0.975,,,,,,,,0,0,1,0,0,0
117,R1,IDL,77,305,36.163771293641425,0.8505154639175257,0.845360824742268,0.8048780487804879,31,4,0.8936170212765957,0,0,0.8936170212765957,0,0,0.9148936170212766,0.9148936170212766,0.9574468085106383,0,0.9148936170212766,0,0,0,0,0,0,5,1,0.9995,1,1,0,1,1,1,1,0,0,0
118,R4_5,CB,74,210,26.95945945945946,0.9465648854961832,0.842911877394636,0,26,1,,,,,,,,,,,,,,,,,,5,4,0.9976,1,1,0,1,,1,0,0,0,0
119,R2_3,IDL,78,312,36.05128205128205,0.9278350515463918,0.9690721649484536,0.8048780487804879,32,4,0.8723404255319149,0,0,0.7021276595744681,0,0,0.7446808510638298,0,0.7446808510638298,0,0.7021276595744681,0,0.9574468085106383,0,0,0,0,5,12,0.9946,0.990909090909091,0.990909090909091,0,1,1,1,1,0,0,0
120,R4_5,CB,70,183,26.254897959183673,0.40076335877862596,0.12643678160919541,0.8048780487804879,22,2,0.8148148148148148,0,0,0.8518518518518519,0,0,0.8518518518518519,0.8395061728395061,0,0,0,0,0.9012345679012346,0,0,0,0,4,51,0.9744,0.9493670886075949,0.9493670886075949,0,1,1,1,1,0,0,0
121,R1,QB,76,232,28.236842105263158,0.9572649572649573,0.7692307692307693,0.926829268292683,32,0,0,0.8529411764705882,0.8235294117647058,0,0.029411764705882353,0.029411764705882353,0,0,0,0.5588235294117647,0,0,0,0,0.35294117647058826,0.6470588235294118,0,4,207,0.9204,0.9714285714285714,0.9714285714285714,0,1,1,1,1,0,0,0
122,R2_3,WR,69,195,28.793320730938877,0.6277602523659306,0.06309148264984227,0.8536585365853658,7,2,0,0.030612244897959183,0.030612244897959183,0,0.9183673469387755,0.8775510204081632,0,0,0,0.8673469387755102,0,0.8877551020408163,0,0,0,0,0.8526315789473684,3,2351,0.8094,0.2597402597402597,0.2792207792207792,1,0,0,1,1,0,0,1
123,R4_5,ILB,74,253,32.479729729729726,0.9530516431924883,0.5727699530516432,0.8048780487804879,12,3,0.9705882352941176,0.014705882352941176,0.014705882352941176,0.9558823529411765,0,0,0.9558823529411765,0,0.9117647058823529,0,0,0,0,0,0,0,0,5,13,0.9935,1,1,0,1,1,1,1,0,0,0
124,R4_5,WR,74,200,25.675675675675677,0.7255520504731862,0.6340694006309149,0.8048780487804879,0,0,0.9897959183673469,0.030612244897959183,0.030612244897959183,0.9897959183673469,0.01020408163265306,0.01020408163265306,1,0.9285714285714286,1,0,1,0,0.9795918367346939,0,0,0,0,,,,,,,,0,0,1,0,0,0
125,R6_7,WR,70,215,30.84591836734694,0.9369085173501577,0.12618296529968454,0.8292682926829268,23,3,0.5102040816326531,0.030612244897959183,0.030612244897959183,0.6122448979591837,0.9285714285714286,0.8571428571428571,0,0,0,0,0,0.9693877551020408,0,0,0,0,0.968421052631579,4,262,0.9079,0.922077922077922,0.922077922077922,0,1,1,1,1,0,0,0
126,R4_5,RB,70,215,30.84591836734694,0.6918604651162791,0.3313953488372093,0.8536585365853658,0,0,0.625,0.8375,0.7,0,0.825,0.725,0,0,0,0.7375,0,0,0,0.9125,0.0125,0,0,3,980,0.8585,0.7173913043478262,0.75,1,0,1,1,1,0,0,0
127,R1,CB,74,193,24.777027027027028,0.6984732824427481,0.842911877394636,0.8048780487804879,32,5,0.9876543209876543,0,0,0.9876543209876543,0,0,0.8518518518518519,1,0,0,0,0,0.9629629629629629,0,0,0,0,4,48,0.9755,0.9556962025316456,0.9556962025316456,1,1,1,1,1,0,0,0
128,R2_3,CB,72,189,25.630208333333332,0.5610687022900763,0.4367816091954023,0.8048780487804879,5,0,1,0,0,1,0,0,1,0.9876543209876543,0.9629629629629629,0,0,0,0.9629629629629629,0,0,0,0,3,1716,0.8311,0.49367088607594933,0.4936708860759494,1,0,1,1,1,0,0,0
129,R2_3,ILB,76,255,31.036184210526315,0.9624413145539906,0.9342723004694836,0.8048780487804879,19,1,0.7941176470588235,0.014705882352941176,0.014705882352941176,0.7794117647058824,0,0,0.9264705882352942,0,0.9117647058823529,0,0,0,0.9264705882352942,0,0,0,0,4,56,0.9725,0.975,0.9666666666666667,1,1,1,1,1,0,0,0
130,R1,WR,72,193,26.172646604938272,0.6025236593059937,0.3659305993690852,0.8536585365853658,45,7,0.5102040816326531,0.9897959183673469,0.9489795918367347,0,0.9897959183673469,0.9897959183673469,0,0,0,0.8877551020408163,0,0.9693877551020408,0,0,0,0,0.9263157894736842,5,20,0.9903,1,1,1,1,1,1,1,0,0,0
131,R2_3,ILB,79,260,29.286973241467713,0.9765258215962441,1,0.8048780487804879,0,0,0.7794117647058824,0.014705882352941176,0.014705882352941176,0.7941176470588235,0,0,0.8676470588235294,0.8970588235294118,0.8382352941176471,0,0.9411764705882353,0,0,0,0,0,0,3,1968,0.8206,0.42500000000000004,0.4,1,0,0,1,1,0,0,0
132,R2_3,WR,74,205,26.31756756756757,0.832807570977918,0.6340694006309149,0.8292682926829268,5,1,0,0.030612244897959183,0.030612244897959183,0,0.9795918367346939,0.9795918367346939,0,0,0,0,0,1,0,0,0,0,0.9894736842105263,4,113,0.9495,0.9675324675324676,0.9675324675324676,1,1,1,1,1,0,0,0
133,R1,WR,73,185,24.40514167761306,0.34069400630914826,0.4921135646687697,0,7,1,,,,,,,,,,,,,,,,,,,,,,,,,,0,0,0,0,0
134,R6_7,RB,70,225,32.28061224489796,0.8604651162790697,0.3313953488372093,0.8536585365853658,11,0,0.625,0.975,0.9875,0.7,0.9625,0.9625,0,0,0,0.975,0,0.8875,0,1,0.0125,0,0.9625,,,,,,,,1,0,1,0,0,0
135,R2_3,CB,70,190,27.259183673469387,0.5725190839694656,0.12643678160919541,0.8048780487804879,15,4,0.13580246913580246,0,0,0.20987654320987653,0,0,0,0,0,0,0,0,0,0,0,0,0,3,2771,0.8019,0.21518987341772156,0.3227848101265823,0,0,0,1,1,0,0,1
136,R4_5,ILB,75,244,30.494577777777778,0.892018779342723,0.784037558685446,0.8048780487804879,23,1,0.9264705882352942,0.014705882352941176,0.014705882352941176,0.8676470588235294,0,0,0.9705882352941176,0.8529411764705882,0.9117647058823529,0,0.8529411764705882,0,0.9264705882352942,0,0,0,0,5,18,0.9911,0.9916666666666667,0.9916666666666667,1,1,1,1,1,0,0,0
137,R4_5,ILB,70,200,28.693877551020407,0.03755868544600939,0.009389671361502348,0.8048780487804879,6,2,0.8823529411764706,0.014705882352941176,0.014705882352941176,0.9558823529411765,0,0,0.7058823529411765,1,0,0,0,0,1,0,0,0,0,,,,,,,,1,0,1,0,0,0
138,R4_5,CB,73,183,24.14130230812535,0.40076335877862596,0.6551724137931034,0.8048780487804879,18,0,0.8641975308641975,0,0,0.8888888888888888,0,0,0,0.654320987654321,0,0,0,0,0,0,0,0,0,3,730,0.8707,0.7531645569620253,0.7721518987341772,1,0,1,1,1,0,0,0
139,R1,CB,74,201,25.804054054054053,0.8778625954198473,0.842911877394636,0.8048780487804879,9,3,0.8888888888888888,0,0,0.9506172839506173,0,0,0,0.9506172839506173,0,0,0,0,0,0,0,0,0,4,312,0.9,0.879746835443038,0.879746835443038,0,1,1,1,1,0,0,1
140,R1,IDL,77,269,31.895260583572274,0.42783505154639173,0.845360824742268,0,17,1,,,,,,,,,,,,,,,,,,3,1063,0.8552,0.6363636363636364,0.6727272727272727,0,0,,1,0,0,0,0
141,R2_3,IDL,75,235,29.369777777777777,0.06701030927835051,0.3711340206185567,0.8048780487804879,11,0,1,0,0,1,0,0,0.9787234042553191,0,0.9574468085106383,0,0.9148936170212766,0,0,0,0,0,0,3,1396,0.85,0.509090909090909,0.6272727272727273,-3,0,1,1,1,0,0,0
142,R6_7,QB,74,197,25.29054054054054,0.2698412698412698,0.373015873015873,0.926829268292683,2,0,0,0.7323943661971831,0.8169014084507042,0,0,0,0,0,0,0.6619718309859155,0,0,0,0.8028169014084507,0.7605633802816901,0.7887323943661971,0,3,1245,0.8347,0.589041095890411,0.4931506849315068,5,0,0,1,1,0,0,0
143,R2_3,ILB,73,230,30.34152749108651,0.7186440677966102,0.38305084745762713,0.8048780487804879,25,2,0.9827586206896551,0.005747126436781609,0.005747126436781609,0.9942528735632183,0,0,0.9425287356321839,0,0.8908045977011494,0,0.8563218390804598,0,0,0,0,0,0,3,529,0.8763,0.8394160583941606,0.8394160583941606,3,0,1,1,1,0,0,1
144,R2_3,ILB,75,238,29.744711111111112,0.8949152542372881,0.8033898305084746,0.8048780487804879,25,2,0.9655172413793104,0.005747126436781609,0.005747126436781609,0.9540229885057471,0,0,1,0.9022988505747126,0.9942528735632183,0,0.9942528735632183,0,0,0,0,0,0,4,220,0.9167,0.9343065693430657,0.927007299270073,3,1,1,1,1,0,0,1
145,R2_3,CB,72,195,26.44386574074074,0.7335423197492164,0.46394984326018807,0.8048780487804879,24,6,0.9487179487179487,0.005128205128205128,0.005128205128205128,0.9641025641025641,0,0,0.9384615384615385,0.9692307692307692,0,0,0,0,0.9538461538461539,0,0,0,0,4,187,0.9256,0.9202453987730062,0.9202453987730062,3,1,1,1,1,0,0,0
146,R2_3,IDL,77,265,31.42098161578681,0.4186991869918699,0.8489795918367347,0.8048780487804879,8,0,1,0.007246376811594203,0.007246376811594203,0.9927536231884058,0,0,1,0,0.9927536231884058,0,1,0,0,0,0,0,0,3,1827,0.8194,0.34745762711864403,0.3135593220338983,3,0,0,1,1,0,0,0
147,R4_5,WR,75,220,27.49511111111111,0.974025974025974,0.8246753246753247,0.8536585365853658,8,2,0.6484848484848484,1,0.9757575757575757,0.7333333333333333,0.9515151515151515,0.9030303030303031,0,0,0,0.9454545454545454,0,0.9333333333333333,0,1,0,0,0.9104477611940298,4,304,0.8992,0.868421052631579,0.875,3,1,1,1,1,0,0,0
148,R6_7,QB,76,240,29.210526315789473,0.9841269841269841,0.7380952380952381,0.926829268292683,0,0,0,0.014084507042253521,0.08450704225352113,0,0,0,0,0,0,0.676056338028169,0,0,0,0,0.8591549295774648,0.8591549295774648,0,,,,,,,,0,0,1,0,0,0
149,R2_3,QB,73,205,27.043535372490147,0.4365079365079365,0.1349206349206349,0.9512195121951219,0,0,0,1,0.9295774647887324,0,1,1,0,0,0,0.9436619718309859,0,0,0,1,0.9859154929577465,0.971830985915493,0,4,63,0.969,0.9863013698630136,0.9863013698630136,3,1,1,1,1,0,0,0
150,R4_5,WR,71,184,25.659988097599683,0.36038961038961037,0.262987012987013,0.8292682926829268,16,1,0,0.01818181818181818,0.01818181818181818,0,0.9575757575757575,0.9636363636363636,0,0,0,0,0,0.9818181818181818,0,0,0,0,0.9626865671641791,4,288,0.9023,0.8947368421052632,0.8881578947368421,3,1,1,1,1,0,0,0
151,R2_3,TE,76,242,29.45394736842105,0.5944055944055944,0.44755244755244755,0.8292682926829268,16,2,0.6382978723404256,0,0,0.6808510638297872,1,0.9787234042553191,0,0,0,0,0,1,0,0,0,0,0.9722222222222222,,,,,,,,1,0,1,0,0,0
152,R4_5,RB,71,220,30.68042055147788,0.8269230769230769,0.5096153846153846,0.8536585365853658,8,1,0.7714285714285715,0.9928571428571429,0.9568345323741008,0.8142857142857143,0.9714285714285714,0.8561151079136691,0,0,0,0.9784172661870504,0,0,0,1,0,0,0,2,3659,0.7397,0.04629629629629628,0.009259259259259259,3,0,0,1,1,0,0,0
153,R6_7,WR,72,185,25.087770061728396,0.37012987012987014,0.39285714285714285,0.8536585365853658,7,0,0.9515151515151515,0.006060606060606061,0.006060606060606061,0.9696969696969697,0.9393939393939394,0.896969696969697,0,0,0,0.8424242424242424,0,0.9575757575757575,0,0,0,0,0.9104477611940298,3,750,0.8635,0.736842105263158,0.7171052631578947,3,0,1,1,1,0,0,0
154,R1,EDGE,77,250,29.64243548659133,0.6507936507936508,0.873015873015873,0.8048780487804879,15,1,1,0,0,1,0,0,1,0.8484848484848485,1,0,1,0,0,0,0,0,0,5,2,0.9987,1,1,2,1,1,1,1,0,0,0
155,R2_3,IDL,76,290,35.296052631578945,0.7032520325203252,0.6448979591836734,0.8048780487804879,21,4,0.9927536231884058,0.007246376811594203,0.007246376811594203,0.9855072463768116,0,0,0.9855072463768116,0.9855072463768116,0.9855072463768116,0,0.9492753623188406,0,0,0,0,0,0,5,16,0.9919,0.9745762711864406,0.9745762711864406,2,1,1,1,1,0,0,0
156,R1,WR,74,188,24.135135135135137,0.5097402597402597,0.6623376623376623,0.8536585365853658,51,6,0.9212121212121213,0.9393939393939394,0.9151515151515152,0.9090909090909091,1,0.9818181818181818,0,0,0,0.9030303030303031,0,1,0,0,0,0,0.9402985074626866,4,82,0.9621,0.9736842105263158,0.9736842105263158,2,1,1,1,1,0,0,0
157,R2_3,CB,73,210,27.70313379620942,0.9561128526645768,0.7021943573667712,0.8048780487804879,9,0,0.9948717948717949,0.005128205128205128,0.005128205128205128,0.9897435897435898,0,0,0.9692307692307692,0.9487179487179487,1,0,0,0,0.9948717948717949,0,0,0,0,4,55,0.9727,0.9447852760736196,0.9447852760736196,2,1,1,1,1,0,0,1
158,R1,CB,71,195,27.194009125173576,0.7335423197492164,0.2445141065830721,0.8048780487804879,24,6,0.9384615384615385,0.005128205128205128,0.005128205128205128,0.9333333333333333,0,0,0.9743589743589743,0.9641025641025641,0.9743589743589743,0,0,0,0,0,0,0,0,4,126,0.9441,0.9386503067484663,0.9386503067484663,2,1,1,1,1,0,0,0
159,R1,CB,72,192,26.037037037037038,0.6896551724137931,0.46394984326018807,0.8048780487804879,36,4,1,0.005128205128205128,0.005128205128205128,0.9794871794871794,0,0,0.9897435897435898,0.9794871794871794,0.9692307692307692,0,1,0,0.9538461538461539,0,0,0,0,5,14,0.9926,0.9938650306748467,0.9938650306748467,2,1,1,1,1,0,0,1
160,R1,WR,77,210,24.899645808736718,0.9318181818181818,0.9642857142857143,0.8536585365853658,20,3,0.6484848484848484,0.8545454545454545,0.8545454545454545,0.7333333333333333,0.9818181818181818,0.9757575757575757,0,0,0,0.8666666666666667,0,0.9757575757575757,0,0,0,0,0.9477611940298507,4,258,0.9087,0.9210526315789473,0.9210526315789473,2,1,1,1,1,0,0,0
161,R2_3,ILB,77,250,29.64243548659133,0.9627118644067797,0.9932203389830508,0.8048780487804879,36,7,0.9425287356321839,0.005747126436781609,0.005747126436781609,0.9712643678160919,0,0,0.9885057471264368,0.9770114942528736,1,0,0.9885057471264368,0,0,0,0,0,0,4,331,0.8986,0.9051094890510949,0.9051094890510949,2,1,1,1,1,0,0,0
162,R6_7,CB,73,191,25.196659786076186,0.677115987460815,0.7021943573667712,0.8048780487804879,7,1,0.958974358974359,0.005128205128205128,0.005128205128205128,0.9487179487179487,0,0,0.8256410256410256,0.9692307692307692,0,0,0,0,0.9538461538461539,0,0,0,0,3,1716,0.8311,0.4785276073619632,0.4723926380368098,2,0,1,1,1,0,0,0
163,R1,EDGE,76,270,32.86184210526316,0.9047619047619048,0.6666666666666666,0.8048780487804879,6,1,0.9696969696969697,0,0,0.9696969696969697,0,0,0.9696969696969697,1,0.9696969696969697,0,0.9696969696969697,0,0,0,0,0,0,4,59,0.9705,0.9714285714285714,0.9714285714285714,2,1,1,1,1,0,0,0
164,R4_5,RB,73,225,29.681929067367236,0.8846153846153846,0.875,0.8536585365853658,21,2,0,0.9642857142857143,0.8920863309352518,0,0.9642857142857143,0.8992805755395683,0,0,0,0.920863309352518,0,0.9357142857142857,0,0.9428571428571428,0,0,0.9464285714285714,4,152,0.9351,0.9722222222222222,0.9814814814814815,2,1,1,1,1,0,0,0
165,R6_7,WR,68,170,25.845588235294116,0.08766233766233766,0.01948051948051948,0.8536585365853658,1,1,0,0.8545454545454545,0.8484848484848485,0,0.9454545454545454,0.9090909090909091,0,0,0,0.8303030303030303,0,0.9575757575757575,0,0,0,0,0.8880597014925373,,,,,,,,0,0,1,0,0,0
166,R6_7,RB,71,222,30.959333465582226,0.8701923076923077,0.5096153846153846,0.9512195121951219,3,0,0.7714285714285715,1,0.9856115107913669,0,1,0.920863309352518,0,0,0,0.9856115107913669,0,0.9785714285714285,0,0.9928571428571429,1,0,0.9553571428571429,,,,,,,,0,0,1,0,0,0
167,R1,IDL,71,300,41.83693711565166,0.8292682926829268,0.0163265306122449,0.7804878048780488,1,0,0.427536231884058,0.007246376811594203,0.007246376811594203,0.32608695652173914,0,0,0,0,0,0,0,0,0,0,0,0,,,,,,,,,0,0,1,0,0,0
168,R1,IDL,77,305,36.163771293641425,0.8699186991869918,0.8489795918367347,0.8048780487804879,27,3,0.9130434782608695,0.007246376811594203,0.007246376811594203,0.8840579710144928,0,0,0.9420289855072463,0,0.9492753623188406,0,0.9492753623188406,0,1,0,0,0,0,5,1,0.9995,1,1,1,1,1,1,1,0,0,0
169,R4_5,CB,74,210,26.95945945945946,0.9561128526645768,0.8714733542319749,0.8048780487804879,30,5,0.9333333333333333,0.005128205128205128,0.005128205128205128,0.9435897435897436,0,0,0.8564102564102564,0.9794871794871794,0.9743589743589743,0,0,0,0.9538461538461539,0,0,0,0,5,4,0.9976,1,1,1,1,1,1,1,0,0,0
170,R2_3,IDL,78,312,36.05128205128205,0.9349593495934959,0.9591836734693877,0.8048780487804879,33,4,0.9782608695652174,0.007246376811594203,0.007246376811594203,0.9782608695652174,0,0,0.9565217391304348,0.8913043478260869,0.9637681159420289,0,0.9855072463768116,0,0,0,0,0,0,5,12,0.9946,0.9830508474576272,0.9915254237288136,1,1,1,1,1,0,0,0
171,R6_7,EDGE,74,247,31.70945945945946,0.6031746031746031,0.19047619047619047,0.8292682926829268,3,0,0,0,0,0,1,1,0,0,0,0,0,1,0,0,0,0,1,3,804,0.8652,0.7428571428571429,0.7714285714285715,1,0,1,1,1,0,0,0
172,R4_5,CB,70,183,26.254897959183673,0.42946708463949845,0.09090909090909091,0.8048780487804879,21,2,0.9846153846153847,0.005128205128205128,0.005128205128205128,0.9948717948717949,0,0,0.8564102564102564,0.9948717948717949,0,0,0,0,0.9538461538461539,0,0,0,0,4,51,0.9744,0.950920245398773,0.950920245398773,1,1,1,1,1,0,0,0
173,R1,QB,76,232,28.236842105263158,0.9682539682539683,0.7380952380952381,0.926829268292683,33,1,0.9154929577464789,0.9859154929577465,0.8873239436619719,0.9436619718309859,0,0,0,0,0,0.7746478873239436,0,0,0,0.971830985915493,0.8873239436619719,0.9014084507042254,0,4,207,0.9204,0.9452054794520548,0.9452054794520548,1,1,1,1,1,0,0,0
174,R2_3,WR,69,195,28.793320730938877,0.6363636363636364,0.05519480519480519,0.8536585365853658,7,2,0.6484848484848484,0.9090909090909091,0.8848484848484849,0.7333333333333333,0.9939393939393939,0.9878787878787879,0,0,0,0.8121212121212121,0,0.9818181818181818,0,0,0,0,0.9626865671641791,3,2351,0.8094,0.24342105263157898,0.28289473684210525,2,0,0,1,1,0,0,1
175,R2_3,WR,74,204,26.18918918918919,0.8506493506493507,0.6623376623376623,0.8292682926829268,24,2,0,0.01818181818181818,0.01818181818181818,0,0.8545454545454545,0.6060606060606061,0,0,0,0,0,0.8363636363636363,0,0,0,0,0.8283582089552238,3,461,0.8848,0.8092105263157895,0.7894736842105263,1,0,1,1,1,0,0,0
176,R4_5,ILB,74,253,32.479729729729726,0.9728813559322034,0.6067796610169491,0.8048780487804879,15,2,0.9942528735632183,0.005747126436781609,0.005747126436781609,0.9885057471264368,0,0,0.9770114942528736,0.9942528735632183,0.9712643678160919,0,0.9770114942528736,0,0.9770114942528736,0,0,0,0,5,13,0.9935,1,1,1,1,1,1,1,0,0,0
177,R1,QB,76,230,27.99342105263158,0.9444444444444444,0.7380952380952381,0.926829268292683,17,1,0,0.8873239436619719,0.6901408450704225,0,0,0,0,0,0,0.4084507042253521,0,0,0,0,0.6197183098591549,0.6619718309859155,0,4,56,0.9724,1,1,0,1,1,1,1,0,0,0
178,R2_3,IDL,78,315,36.39792899408284,0.943089430894309,0.9591836734693877,0.8048780487804879,39,3,0.9347826086956522,0.007246376811594203,0.007246376811594203,0.9565217391304348,0,0,0.9637681159420289,0,0.9710144927536232,0,0.8623188405797102,0,0,0,0,0,0,5,20,0.9897,0.9661016949152542,0.9661016949152542,0,1,1,1,1,0,0,0
179,R6_7,WR,70,215,30.84591836734694,0.948051948051948,0.12337662337662338,0.8536585365853658,24,3,0,0.9151515151515152,0.9090909090909091,0,0.9636363636363636,0.9393939393939394,0,0,0,0.896969696969697,0,0.9333333333333333,0,0,0,0,0.8731343283582089,4,262,0.9079,0.9144736842105263,0.9078947368421053,1,1,1,1,1,0,0,0
180,R4_5,RB,70,215,30.84591836734694,0.7596153846153846,0.34134615384615385,0.8536585365853658,0,0,0.9571428571428572,0.9214285714285714,0.7122302158273381,0.9642857142857143,0.9142857142857143,0.7985611510791367,0,1,0,0.7482014388489209,0,0,0,0.9785714285714285,0,0,0,3,980,0.8585,0.75,0.7777777777777778,2,0,1,1,1,0,0,0
181,R1,CB,74,193,24.777027027027028,0.7084639498432602,0.8714733542319749,0.8048780487804879,33,6,0.9128205128205128,0.005128205128205128,0.005128205128205128,0.9128205128205128,0,0,0.9333333333333333,0.9487179487179487,0,0,0,0,0.8769230769230769,0,0,0,0,4,48,0.9755,0.9631901840490797,0.9570552147239264,2,1,1,1,1,0,0,0
182,R2_3,CB,72,189,25.630208333333332,0.5862068965517241,0.46394984326018807,0.8048780487804879,6,2,0.9692307692307692,0.005128205128205128,0.005128205128205128,0.9641025641025641,0,0,0.9948717948717949,0.9897435897435898,0,0,0.9692307692307692,0,0,0,0,0,0,3,1716,0.8311,0.4785276073619632,0.4723926380368098,2,0,1,1,1,0,0,0
183,R2_3,ILB,76,255,31.036184210526315,0.9796610169491525,0.9355932203389831,0.8048780487804879,20,1,0.9482758620689655,0.005747126436781609,0.005747126436781609,0.9540229885057471,0,0,0.9712643678160919,0.9022988505747126,0.9827586206896551,0,0.8563218390804598,0,0.9770114942528736,0,0,0,0,4,56,0.9725,0.9854014598540146,0.9781021897810219,2,1,1,1,1,0,0,0
184,R1,WR,72,193,26.172646604938272,0.6136363636363636,0.39285714285714285,0.8536585365853658,43,5,0.8545454545454545,0.9818181818181818,0.9454545454545454,0,0.9757575757575757,0.9212121212121213,0,0.9878787878787879,0,0.9272727272727272,0,0.9939393939393939,0,0.9696969696969697,0,0,0.9328358208955224,5,20,0.9903,0.993421052631579,0.993421052631579,2,1,1,1,1,0,0,0
185,R2_3,ILB,79,260,29.286973241467713,0.9898305084745763,1,0.8048780487804879,0,0,0.9712643678160919,0.005747126436781609,0.005747126436781609,0.9540229885057471,0,0,0.9655172413793104,0.9770114942528736,0.9885057471264368,0,0.9942528735632183,0,0,0,0,0,0,3,1968,0.8206,0.46715328467153283,0.4233576642335766,2,0,0,1,1,0,0,0
186,R2_3,WR,74,205,26.31756756756757,0.8603896103896104,0.6623376623376623,0.8536585365853658,6,2,0.6484848484848484,0.9575757575757575,0.9515151515151515,0.7333333333333333,0.9878787878787879,0.9696969696969697,0,0,0,0.9212121212121213,0,0.9575757575757575,0,0,0,0,0.8805970149253731,4,113,0.9495,0.9605263157894737,0.9605263157894737,2,1,1,1,1,0,0,0
187,R1,WR,73,185,24.40514167761306,0.37012987012987014,0.5227272727272727,0.8292682926829268,1,0,0,0.01818181818181818,0.01818181818181818,0,0.30303030303030304,0.4121212121212121,0,0,0,0,0,0,0,0,0,0,0,,,,,,,,0,0,1,0,0,0
188,R6_7,RB,70,225,32.28061224489796,0.8846153846153846,0.34134615384615385,0.8536585365853658,12,0,0.7714285714285715,0.9357142857142857,0.8489208633093526,0.8142857142857143,0.9285714285714286,0.8201438848920863,0,0,0,0.8848920863309353,0,0,0,0.9142857142857143,0,0,0,,,,,,,,1,0,1,0,0,0
189,R2_3,CB,70,190,27.259183673469387,0.5924764890282131,0.09090909090909091,0.8048780487804879,12,3,0.08205128205128205,0.005128205128205128,0.005128205128205128,0.18974358974358974,0,0,0,0,0,0,0,0,0,0,0,0,0,3,2771,0.8019,0.1901840490797546,0.25766871165644173,1,0,0,1,1,0,0,1
190,R6_7,CB,70,180,25.824489795918367,0.29780564263322884,0.09090909090909091,0.7804878048780488,0,0,0.08205128205128205,0.005128205128205128,0.005128205128205128,0.18974358974358974,0,0,0,0,0,0,0,0,0,0,0,0,,,,,,,,,0,0,1,0,0,0
191,R4_5,ILB,75,244,30.494577777777778,0.9355932203389831,0.8033898305084746,0.8048780487804879,24,2,0.9885057471264368,0.005747126436781609,0.005747126436781609,0.9827586206896551,0,0,0.9827586206896551,0.9942528735632183,0.9655172413793104,0,0.9770114942528736,0,0,0,0,0,0,5,18,0.9911,0.9927007299270073,0.9927007299270073,2,1,1,1,1,0,0,0
192,R2_3,RB,72,207,28.071180555555557,0.6394230769230769,0.7307692307692307,0.8536585365853658,16,1,0.7714285714285715,0.8214285714285714,0.45323741007194246,0.8142857142857143,0.75,0.7122302158273381,1,0,0,0.3597122302158273,0,0,0,0.7214285714285714,0,0,0,4,354,0.8956,0.9074074074074074,0.8888888888888888,0,1,1,1,1,0,0,0
193,R6_7,WR,74,189,24.263513513513512,0.5194805194805194,0.6623376623376623,0,0,0,,,,,,,,,,,,,,,,,,3,2280,0.8081,0.26973684210526316,0.26973684210526316,0,0,,1,0,0,0,0
194,R4_5,IDL,78,245,28.309500328731097,0.18292682926829268,0.9591836734693877,0,9,0,,,,,,,,,,,,,,,,,,,,,,,,,,0,0,0,0,0
195,R1,CB,74,201,25.804054054054053,0.9028213166144201,0.8714733542319749,0.8048780487804879,10,3,0.9743589743589743,0.005128205128205128,0.005128205128205128,0.9794871794871794,0,0,1,0.9487179487179487,0,0,0,0,0,0,0,0,0,4,312,0.9,0.8773006134969326,0.8773006134969326,1,1,1,1,1,0,0,1
196,R1,IDL,77,269,31.895260583572274,0.4878048780487805,0.8489795918367347,0.8048780487804879,20,3,0.9710144927536232,0.007246376811594203,0.007246376811594203,0.9637681159420289,0,0,0.9710144927536232,0.8913043478260869,0.9782608695652174,0,0.9637681159420289,0,0,0,0,0,0,3,1063,0.8552,0.6355932203389831,0.6779661016949152,1,0,1,1,1,0,0,0
197,R2_3,IDL,75,235,29.369777777777777,0.08130081300813008,0.39183673469387753,0.8048780487804879,16,3,0.9855072463768116,0.007246376811594203,0.007246376811594203,1,0,0,0.9927536231884058,0.8913043478260869,1,0,0.9927536231884058,0,0,0,0,0,0,3,1396,0.85,0.5,0.6271186440677966,-2,0,1,1,1,0,0,0
198,R6_7,CB,70,190,27.259183673469387,0.5924764890282131,0.09090909090909091,0.7804878048780488,0,0,0.5948717948717949,0.005128205128205128,0.005128205128205128,0.7538461538461538,0,0,0.9384615384615385,0,0,0,0,0,0,0,0,0,,,,,,,,,0,0,1,0,0,0
199,R2_3,IDL,76,222,27.019736842105264,0.028455284552845527,0.6448979591836734,0.8048780487804879,5,0,0.7246376811594203,0.007246376811594203,0.007246376811594203,0.6956521739130435,0,0,0,0,0,0,0,0,0,0,0,0,0,3,1471,0.84,0.47457627118644063,0.4830508474576271,0,0,1,1,1,0,0,1
200,R4_5,WR,71,176,24.544336441182306,0.2305194805194805,0.262987012987013,0.8048780487804879,0,0,0.8545454545454545,0.01818181818181818,0.01818181818181818,0.9090909090909091,0.024242424242424242,0.024242424242424242,0,0,0,0,0,0,0,0,0,0,0,5,8,0.9962,1,1,3,1,0,1,1,0,0,0
201,R6_7,CB,73,191,25.196659786076186,0.7436281859070465,0.6931137724550899,0.8292682926829268,6,1,0.9968847352024922,0.006230529595015576,0.006230529595015576,0.9968847352024922,0.9595015576323987,0.9595015576323987,0.9065420560747663,1,0.9719626168224299,0,0,0,0.897196261682243,0,0,0,0,3,1716,0.8311,0.5561224489795918,0.5510204081632653,3,0,1,1,1,0,0,0
202,R6_7,WR,68,170,25.845588235294116,0.10869565217391304,0.021806853582554516,0.8536585365853658,2,1,0.9383561643835616,0.9794520547945206,0.9759450171821306,0.9486301369863014,0.9931506849315068,0.9931506849315068,0,0,0,0.9484536082474226,0,0.9726027397260274,0,0.9794520547945206,0,0,0.9827586206896551,,,,,,,,0,0,1,0,0,0
203,R6_7,RB,71,222,30.959333465582226,0.871313672922252,0.5349462365591398,0.8536585365853658,5,0,0,0.9029535864978903,0.8776371308016878,0,0.9113924050632911,0.890295358649789,0,0,0,0.9578059071729957,0,0,0,0.9282700421940928,0,0,0,,,,,,,,0,0,1,0,0,0
204,R1,IDL,71,300,41.83693711565166,0.8615384615384616,0.02702702702702703,0.8048780487804879,0,0,0.13612565445026178,0.005235602094240838,0.005235602094240838,0,0,0,0,0,0,0,0,0,0,0,0,0,0,,,,,,,,0,0,1,0,0,0
205,R1,IDL,77,305,36.163771293641425,0.8903846153846153,0.9015444015444015,0.8048780487804879,23,2,0.9476439790575916,0.005235602094240838,0.005235602094240838,0.9685863874345549,0,0,0.9790575916230366,0.9790575916230366,0.9895287958115183,0,0.8691099476439791,0,0,0,0,0,0,5,1,0.9995,1,1,2,1,1,1,1,0,0,0
206,R4_5,CB,74,210,26.95945945945946,0.974512743628186,0.8772455089820359,0.8048780487804879,44,7,0.9719626168224299,0.006230529595015576,0.006230529595015576,0.9875389408099688,0.003115264797507788,0.003115264797507788,0.9750778816199377,0.9844236760124611,0,0,0,0,0.897196261682243,0,0,0,0,5,4,0.9976,1,1,2,1,1,1,1,0,0,0
207,R2_3,IDL,78,312,36.05128205128205,0.9403846153846154,0.972972972972973,0.8048780487804879,28,2,1,0.005235602094240838,0.005235602094240838,0.9947643979057592,0,0,0.9738219895287958,0.9790575916230366,0.9685863874345549,0,0.9895287958115183,0,0.9581151832460733,0,0,0,0,5,12,0.9946,0.987012987012987,0.9935064935064936,2,1,1,1,1,0,0,0
208,R6_7,EDGE,74,247,31.70945945945946,0.5765765765765766,0.18018018018018017,0.8292682926829268,7,1,0,0,0,0,1,1,0,0,0,0,0,1,0,0,0,0,1,3,804,0.8652,0.6666666666666667,0.6666666666666666,2,0,1,1,1,0,0,0
209,R4_5,CB,70,183,26.254897959183673,0.4482758620689655,0.10778443113772455,0.8048780487804879,14,1,0.9657320872274143,0.006230529595015576,0.006230529595015576,0.9595015576323987,0.003115264797507788,0.003115264797507788,0.9750778816199377,0.9844236760124611,0.9719626168224299,0,0,0,1,0,0,0,0,4,51,0.9744,0.9897959183673469,0.9846938775510204,2,1,1,1,1,0,0,0
210,R1,QB,76,232,28.236842105263158,0.9769230769230769,0.8307692307692308,0.926829268292683,28,1,1,0.9838709677419355,0.9596774193548387,1,0.008064516129032258,0.008130081300813009,0,0,0,0.9274193548387096,0,0,0,0.9919354838709677,0.9758064516129032,0.9435483870967742,0,4,207,0.9204,0.9696969696969697,0.9696969696969697,2,1,1,1,1,0,0,0
211,R2_3,WR,74,204,26.18918918918919,0.860248447204969,0.6744548286604362,0.8536585365853658,23,1,0,0.9143835616438356,0.9106529209621993,0,0.9863013698630136,0.8595890410958904,0,0,0,0.8075601374570447,0,0.9726027397260274,0,0,0,0,0.9241379310344827,3,461,0.8848,0.8541666666666666,0.8385416666666666,2,0,1,1,1,0,0,0
212,R4_5,ILB,74,253,32.479729729729726,0.9915540540540541,0.6334459459459459,0.8292682926829268,16,2,0.9961977186311787,0.9847908745247148,0.9847908745247148,0.9923954372623575,0.0038022813688212928,0.0038022813688212928,1,1,0.9961977186311787,0.9771863117870723,1,0,0.844106463878327,0.9885931558935361,0,0,0,5,13,0.9935,1,1,2,1,1,1,1,0,0,0
213,R1,QB,76,230,27.99342105263158,0.9576923076923077,0.8307692307692308,0.926829268292683,15,1,0,0.9919354838709677,0.9838709677419355,0,0.008064516129032258,0.008130081300813009,0,0,0,0.9919354838709677,0,0,0,0.967741935483871,1,1,0,4,56,0.9724,1,1,1,1,1,1,1,0,0,0
214,R2_3,IDL,78,315,36.39792899408284,0.9461538461538461,0.972972972972973,0,41,3,,,,,,,,,,,,,,,,,,5,20,0.9897,0.9805194805194806,0.9805194805194806,1,1,,1,0,0,0,0
215,R6_7,WR,70,215,30.84591836734694,0.9549689440993789,0.14330218068535824,0.8536585365853658,31,3,0,0.8698630136986302,0.8556701030927835,0,0.976027397260274,0.9315068493150684,0,0,0,0.8694158075601375,0,0.7945205479452054,0,0,0,0,0.7310344827586207,4,262,0.9079,0.9322916666666666,0.9270833333333334,2,1,1,1,1,0,0,0
216,R2_3,CB,72,189,25.630208333333332,0.6146926536731634,0.5119760479041916,0.8048780487804879,6,2,0.9750778816199377,0.006230529595015576,0.006230529595015576,0.9750778816199377,0.003115264797507788,0.003115264797507788,0.9595015576323987,0.9595015576323987,0.9719626168224299,0,0,0,0.897196261682243,0,0,0,0,3,1716,0.8311,0.5561224489795918,0.5510204081632653,3,0,1,1,1,0,0,0
217,R2_3,CB,70,190,27.259183673469387,0.6266866566716641,0.10778443113772455,0.8048780487804879,2,0,0.9750778816199377,0.006230529595015576,0.006230529595015576,0.9750778816199377,0.003115264797507788,0.003115264797507788,0.9595015576323987,0.9595015576323987,0.9719626168224299,0,0,0,0.897196261682243,0,0,0,0,,,,,,,,1,0,1,0,0,0
218,R1,CB,72,196,26.579475308641975,0.8425787106446777,0.5119760479041916,0.8048780487804879,48,4,0.9875389408099688,0.006230529595015576,0.006230529595015576,0.9906542056074766,0.003115264797507788,0.003115264797507788,0.9065420560747663,0.9968847352024922,0,0,0,0,0.6853582554517134,0,0,0,0,4,51,0.9745,0.9897959183673469,0.9897959183673469,1,1,1,1,1,0,0,1
219,R2_3,RB,72,207,28.071180555555557,0.6595174262734584,0.728494623655914,0.8536585365853658,15,0,0.9029535864978903,0.6919831223628692,0.5822784810126582,0,0.6540084388185654,0.5991561181434599,0,0,0,0.5358649789029536,0,0.8143459915611815,0,0.890295358649789,0,0,0.8354430379746836,4,354,0.8956,0.9051724137931034,0.9137931034482759,1,1,1,1,1,0,0,0
220,R2_3,IDL,76,248,30.18421052631579,0.29615384615384616,0.7567567567567568,0,7,0,,,,,,,,,,,,,,,,,,,,,,,,,,0,0,0,0,0
221,R6_7,WR,74,189,24.263513513513512,0.5574534161490683,0.6744548286604362,0.8292682926829268,0,0,0,0.03767123287671233,0.037800687285223365,0,0.3287671232876712,0.3287671232876712,0,0,0,0,0,0,0,0,0,0,0,3,2280,0.8081,0.30208333333333337,0.2916666666666667,1,0,0,1,1,0,0,0
222,R4_5,IDL,78,245,28.309500328731097,0.2326923076923077,0.972972972972973,0.8048780487804879,12,1,0.418848167539267,0.005235602094240838,0.005235602094240838,0.39790575916230364,0,0,0.7905759162303665,0,0,0,0,0,0,0,0,0,0,,,,,,,,1,0,1,0,0,0
223,R4_5,CB,75,212,26.49528888888889,0.9835082458770614,0.9625748502994012,0.8048780487804879,7,1,1,0.006230529595015576,0.006230529595015576,0.9968847352024922,0.003115264797507788,0.003115264797507788,0.9750778816199377,0.9719626168224299,0.9719626168224299,0,1,0,0.6853582554517134,0,0,0,0,3,923,0.8596,0.7755102040816326,0.7755102040816326,1,0,1,1,1,0,0,1
224,R1,CB,74,201,25.804054054054053,0.9385307346326837,0.8772455089820359,0.8292682926829268,16,2,0.9937694704049844,0.9875389408099688,0.9875389408099688,0.9937694704049844,0.003115264797507788,0.003115264797507788,0.9065420560747663,0.9937694704049844,0,0.9719626168224299,0,0,0.9906542056074766,0,0,0,0,4,312,0.9,0.9285714285714286,0.9285714285714286,2,1,1,1,1,0,0,1
225,R1,IDL,77,269,31.895260583572274,0.5384615384615384,0.9015444015444015,0.8048780487804879,18,2,0.9895287958115183,0.005235602094240838,0.005235602094240838,0.9895287958115183,0,0,0.9947643979057592,0,0.9947643979057592,0,0.9895287958115183,0,0,0,0,0,0,3,1063,0.8552,0.7012987012987013,0.7272727272727273,2,0,1,1,1,0,0,0
226,R6_7,CB,70,190,27.259183673469387,0.6266866566716641,0.10778443113772455,0.8048780487804879,0,0,0.7476635514018691,0.006230529595015576,0.006230529595015576,0.8629283489096573,0.003115264797507788,0.003115264797507788,0.9750778816199377,0,0.9719626168224299,0,0,0,0.9688473520249221,0,0,0,0,,,,,,,,0,0,1,0,0,0
227,R6_7,WR,78,230,26.576265614727152,0.9937888198757764,0.9953271028037384,0,1,0,,,,,,,,,,,,,,,,,,2,3339,0.7597,0.08333333333333337,0.046875,4,0,,1,0,0,0,1
228,R6_7,RB,69,205,30.269901281243435,0.5683646112600537,0.15591397849462366,0.8292682926829268,12,0,0,0.32489451476793246,0.2616033755274262,0,0.012658227848101266,0.012658227848101266,0,0,0,0.2489451476793249,0,0,0,0.5358649789029536,0,0,0,,,,,,,,1,0,1,0,0,0
229,R2_3,IDL,76,222,27.019736842105264,0.04807692307692308,0.7567567567567568,0.8048780487804879,5,1,0.9947643979057592,0.005235602094240838,0.005235602094240838,0.9842931937172775,0,0,0.9842931937172775,1,0.9947643979057592,0,0.8691099476439791,0,0,0,0,0,0,,,,,,,,1,0,1,0,0,0
230,R6_7,QB,72,195,26.44386574074074,0.3,0.07692307692307693,0.9512195121951219,2,0,0.9516129032258065,1,0.9354838709677419,0.967741935483871,0.9354838709677419,0.9349593495934959,0,0,0,0.9516129032258065,0,0,0,1,0.8870967741935484,0.8709677419354839,0,2,3597,0.77,0.06060606060606055,0.06060606060606061,2,0,0,1,1,0,0,0
231,R4_5,IDL,75,320,39.99288888888889,0.9615384615384616,0.5115830115830116,0.8048780487804879,12,2,0.13612565445026178,0.005235602094240838,0.005235602094240838,0,0,0,0,0,0,0,0,0,0,0,0,0,0,,,,,,,,1,0,1,0,0,0
232,R6_7,TE,77,250,29.64243548659133,0.7958477508650519,0.7612456747404844,0.8048780487804879,0,0,0.9807692307692307,0,0,0.9903846153846154,0.019230769230769232,0.019230769230769232,0,1,0,0,0,0,0.9903846153846154,0,0.009615384615384616,0,0,3,1679,0.8317,0.6770833333333333,0.6458333333333334,3,0,0,1,1,0,0,1
233,R4_5,WR,72,155,21.019483024691358,0.010869565217391304,0.3878504672897196,0.8048780487804879,0,0,0,0.03767123287671233,0.037800687285223365,0,0.00684931506849315,0.00684931506849315,0,0,0,0,0,0,0.9965753424657534,0,0,0,0,,,,,,,,0,0,1,0,0,0
234,R6_7,WR,72,190,25.765817901234566,0.5636645962732919,0.3878504672897196,0.9512195121951219,0,0,0,0.010273972602739725,0,0,0.8116438356164384,0.8527397260273972,0,0,0,0.8487972508591065,0,0,0,0,0.9965753424657534,0.9931506849315068,0,3,572,0.8793,0.8072916666666666,0.8125,3,0,0,1,1,0,0,1
235,R6_7,RB,66,158,25.499081726354454,0.00804289544235925,0.002688172043010753,0.8536585365853658,1,0,0,0.4641350210970464,0.540084388185654,0,0.7721518987341772,0.7805907172995781,0,0,0,0.48945147679324896,0,0.8143459915611815,0,0,0,0,0.8945147679324894,4,281,0.9057,0.9310344827586207,0.9310344827586207,1,1,0,1,1,0,0,1
236,R4_5,WR,71,176,24.544336441182306,0.2795031055900621,0.278816199376947,0.8536585365853658,0,0,0.8356164383561644,0.9691780821917808,0.9553264604810997,0.8801369863013698,0.9246575342465754,0.9041095890410958,0,0,0,0.9518900343642611,0,0.9315068493150684,0,0,0,0,0.8724137931034482,5,8,0.9962,1,1,4,1,0,1,1,0,0,0
237,R4_5,WR,74,210,26.95945945945946,0.9239130434782609,0.6744548286604362,0,17,2,,,,,,,,,,,,,,,,,,3,923,0.8633,0.734375,0.734375,0,0,,1,0,0,0,0
238,R6_7,WR,71,175,24.404879984130133,0.2127329192546584,0.278816199376947,0.8536585365853658,0,0,0,0.9657534246575342,0.9621993127147767,0,0.7328767123287672,0.702054794520548,0,0,0,0.979381443298969,0,0.9315068493150684,0,0,0,0,0.9137931034482759,,,,,,,,0,0,1,0,0,0
239,R2_3,IDL,75,260,32.49422222222222,0.4269230769230769,0.5115830115830116,0.8536585365853658,0,0,0,0.9895287958115183,0.9895287958115183,0,1,1,0,0,0,0.9842931937172775,0,1,0,0,0,0,1,,,,,,,,0,0,1,0,0,0
240,R4_5,SAF,72,208,28.20679012345679,0.9162011173184358,0.329608938547486,0.8048780487804879,14,3,0.9294117647058824,0,0,0.9647058823529412,0,0,1,0.9764705882352941,0,0,0,0,0,0,0,0,0,3,889,0.863,0.7021276595744681,0.6808510638297872,3,0,1,1,1,0,0,0
241,R2_3,WR,72,180,24.40972222222222,0.3090062111801242,0.3878504672897196,0,15,3,,,,,,,,,,,,,,,,,,4,53,0.9742,0.9895833333333334,0.9895833333333334,1,1,,1,0,0,0,1
242,R1,IDL,76,275,33.4703947368421,0.6019230769230769,0.7567567567567568,0,0,0,,,,,,,,,,,,,,,,,,,,,,,,,,0,0,0,0,0
243,R4_5,EDGE,75,265,33.11911111111111,0.8648648648648649,0.40540540540540543,0.8048780487804879,2,0,0.34210526315789475,0,0,0.3157894736842105,0,0,0,0,0,0,0.8421052631578947,0,0,0,0,0,0,2,2227,0.7833,0.2727272727272727,0.09090909090909091,8,0,0,1,1,0,0,1
244,R4_5,ILB,72,218,29.562885802469136,0.4341216216216216,0.16216216216216217,0.8048780487804879,0,0,0,0.0038022813688212928,0.0038022813688212928,0,0.0038022813688212928,0.0038022813688212928,0,0,0,0,0,0,0.844106463878327,0,0,0,0,,,,,,,,0,0,1,0,0,0
245,R1,IDL,71,300,41.83693711565166,0.7893700787401575,0.011857707509881422,0.8048780487804879,0,0,0.8617886178861789,0,0,0,0,0,0,0,0,0,0,0,0,0,0.0040650406504065045,0,0,,,,,,,,0,0,1,0,0,0
246,R2_3,WR,74,204,26.18918918918919,0.8323170731707317,0.6707317073170732,0.8536585365853658,18,0,0.8834355828220859,0.950920245398773,0.9478527607361963,0.9202453987730062,1,0.9325153374233128,0,0,0,0.9386503067484663,0,1,0,0.9754601226993865,0,0,0.9325153374233128,3,461,0.8848,0.8160919540229885,0.7969348659003831,3,0,1,1,1,0,0,0
247,R1,QB,76,230,27.99342105263158,0.9540636042402827,0.7915194346289752,0.9512195121951219,16,1,0,0.9803921568627451,0.9281045751633987,0,0.013071895424836602,0.013071895424836602,0,0,0,0.954248366013072,0,0,0,0.9934640522875817,1,1,0,4,56,0.9724,0.9712230215827338,0.9712230215827338,2,1,1,1,1,0,0,0
248,R2_3,IDL,78,315,36.39792899408284,0.9291338582677166,0.9525691699604744,0.8048780487804879,40,4,0.991869918699187,0,0,0.983739837398374,0,0,0.991869918699187,0.9959349593495935,0.991869918699187,0,0.9959349593495935,0,0,0,0.0040650406504065045,0,0,5,20,0.9897,0.9918367346938776,0.9918367346938776,2,1,1,1,1,0,0,0
249,R1,CB,72,196,26.579475308641975,0.7964169381107492,0.4253246753246753,0.8048780487804879,46,6,0.9971751412429378,0,0,0.9971751412429378,0,0,1,1,0.9858757062146892,0,0.9943502824858758,0,1,0,0,0,0,4,51,0.9745,0.986013986013986,0.993006993006993,2,1,1,1,1,0,0,1
250,R2_3,RB,72,207,28.071180555555557,0.6730769230769231,0.7228915662650602,0.8536585365853658,16,2,0.9607142857142857,0.9928571428571429,0.9464285714285714,0.975,0.9892857142857143,0.95,0,0,0,0.9428571428571428,0,0.85,0,0.975,0,0,0.8714285714285714,4,354,0.8956,0.868421052631579,0.8552631578947368,2,1,1,1,1,0,0,0
251,R2_3,IDL,76,248,30.18421052631579,0.17913385826771652,0.6699604743083004,0,4,0,,,,,,,,,,,,,,,,,,,,,,,,,,0,0,0,0,0
252,R4_5,IDL,78,245,28.309500328731097,0.13582677165354332,0.9525691699604744,0.8048780487804879,2,0,1,0,0,1,0,0,1,0.9552845528455285,1,0,0,0,0,0,0.0040650406504065045,0,0,,,,,,,,1,0,1,0,0,0
253,R4_5,CB,75,212,26.49528888888889,0.9755700325732899,0.9431818181818182,0.8048780487804879,6,1,1,0,0,1,0,0,0.9971751412429378,0.9887005649717514,1,0,0.9745762711864406,0,0.903954802259887,0,0,0,0,3,923,0.8596,0.6013986013986015,0.5244755244755245,2,0,1,1,1,0,0,1
254,R6_7,CB,70,190,27.259183673469387,0.5651465798045603,0.08441558441558442,0.8048780487804879,0,0,0.632768361581921,0,0,0.7768361581920904,0,0,0.9096045197740112,0,0,0,0,0,0.7062146892655368,0,0,0,0,,,,,,,,0,0,1,0,0,0
255,R6_7,WR,78,230,26.576265614727152,0.9939024390243902,0.9969512195121951,0.8292682926829268,1,0,0,0.03680981595092025,0.03680981595092025,0,0.6441717791411042,0.6196319018404908,0,0,0,0,0,0.6042944785276073,0,0,0,0,0.6717791411042945,2,3339,0.7597,0.03448275862068961,0.011494252873563218,5,0,0,1,1,0,0,1
256,R6_7,QB,72,195,26.44386574074074,0.27208480565371024,0.1166077738515901,0.926829268292683,2,0,0,1,0.9411764705882353,0,0.013071895424836602,0.013071895424836602,0,0,0,0.9215686274509803,0,0,0,0.9607843137254902,0.8627450980392157,0.8954248366013072,0,2,3597,0.77,0.007194244604316502,0.014388489208633094,3,0,0,1,1,0,0,0
257,R4_5,IDL,75,320,39.99288888888889,0.9547244094488189,0.41304347826086957,0.8048780487804879,14,1,0.9959349593495935,0,0,0.9959349593495935,0,0,0.9227642276422764,0,0,0,0.9796747967479674,0,0,0,0.0040650406504065045,0,0,,,,,,,,1,0,1,0,0,0
258,R6_7,RB,66,158,25.499081726354454,0.009615384615384616,0.0024096385542168677,0.8292682926829268,1,0,0,0.0035714285714285713,0.0035714285714285713,0,0.02142857142857143,0.02142857142857143,0,0,0,0.11785714285714285,0,0,0,0,0,0,0,4,281,0.9057,0.8881578947368421,0.8881578947368421,2,1,0,1,1,0,0,1
259,R4_5,WR,74,210,26.95945945945946,0.9100609756097561,0.6707317073170732,0.8292682926829268,18,4,0,0.03680981595092025,0.03680981595092025,0,0.9938650306748467,0.9877300613496932,0,0,0,0,0,0.9785276073619632,0,0,0,0,0.9938650306748467,3,923,0.8633,0.6360153256704981,0.6091954022988506,1,0,1,1,1,0,0,0
260,R6_7,WR,71,175,24.404879984130133,0.17835365853658536,0.25609756097560976,0.9512195121951219,0,0,0,0.9662576687116564,0.941717791411043,0,0.9662576687116564,0.9447852760736196,0,0,0,0.9447852760736196,0,0.9447852760736196,0,0,0.9938650306748467,0,0.9570552147239264,,,,,,,,0,0,1,0,0,0
261,R4_5,SAF,72,208,28.20679012345679,0.937799043062201,0.31100478468899523,0.8536585365853658,16,3,0.9831932773109243,1,1,1,0.9915966386554622,0.9915966386554622,1,0.9495798319327731,0.9915966386554622,1,0,0.9915966386554622,0.7478991596638656,1,0,0,1,3,889,0.863,0.7108433734939759,0.6265060240963856,4,0,1,1,1,0,0,0
262,R2_3,WR,72,180,24.40972222222222,0.28810975609756095,0.38414634146341464,0,16,4,,,,,,,,,,,,,,,,,,4,53,0.9742,0.9885057471264368,0.9923371647509579,2,1,,1,0,0,0,1
263,R4_5,EDGE,75,265,33.11911111111111,0.8545454545454545,0.3181818181818182,0.8048780487804879,1,0,0.8421052631578947,0.017543859649122806,0.017543859649122806,0.9122807017543859,0,0,0.7894736842105263,0.9473684210526315,0.8070175438596491,0,0,0,0,0,0,0,0,2,2227,0.7833,0.10344827586206895,0.017241379310344827,9,0,0,1,1,0,0,1
264,R1,TE,77,250,29.64243548659133,0.7321428571428571,0.6642857142857143,0.8048780487804879,1,0,1,0.009615384615384616,0.009615384615384616,1,0,0,1,1,1,0,1,0,0,0,0,0,0,4,247,0.911,0.9558823529411765,0.9485294117647058,1,1,1,1,1,0,0,1
265,R1,RB,71,205,28.5885736956953,0.5745192307692307,0.5108433734939759,0,16,2,,,,,,,,,,,,,,,,,,,,,,,,,,0,0,0,0,0
